INSERT INTO cqssc.config (name, tag, odds, comm, price) 
    VALUES ('重庆时时彩', 'lottery.cqssc', 1.9600, 13.0000, 2.00);

INSERT INTO cqssc.unit (id, name, value) 
    VALUES 
        (1, '元', 1.00), 
        (2, '角', 0.10), 
        (3, '分', 0.01);

INSERT INTO cqssc.catg (id, name, tag) 
    VALUES 
        (1, '五星', 'x5'),
        (2, '前四', 'x4f'),
        (3, '后四', 'x4b'),
        (4, '前三', 'x3f'),
        (5, '中三', 'x3m'),
        (6, '后三', 'x3b'),
        (7, '前二', 'x2f'),
        (8, '后二', 'x2b'),
        (9, '一星', 'x1');

INSERT INTO cqssc.group (id, name, tag) 
    VALUES 
        (1, '直选',   'eq'), 
        (2, '组选',   'cb'), 
        (3, '不定位', 'unf'), 
        (4, '定位胆', 'fix'), 
        (5, '趣味',   'fun');

-- play category item
INSERT INTO cqssc.play
    (name, catg_id, group_id, units, tag, pr)
    VALUES
        ('复式', 1, 1, '{1,2,3}', 'batch', 100000),
        ('单式', 1, 1, '{1,2,3}', 'simple', 100000),
        ('组选120', 1, 2, '{1,2,3}', 'g120', 252),
        ('组选60', 1, 2, '{1,2,3}', 'g60', 840),
        ('组选30', 1, 2, '{1,2,3}', 'g30', 360),
        ('组选20', 1, 2, '{1,2,3}', 'g20', 180),
        ('组选10', 1, 2, '{1,2,3}', 'g10', 180),
        ('组选5',  1, 2, '{1,2,3}', 'g5', 90),
        ('一码', 1, 3, '{1,2,3}', 'm1', 10),
        ('二码', 1, 3, '{1,2,3}', 'm2', 45),
        ('三码', 1, 3, '{1,2,3}', 'm3', 120),
        ('一帆风顺', 1, 5, '{1,2,3}', 'f1', 10),
        ('好事成双', 1, 5, '{1,2,3}', 'f2', 10),
        ('三星报喜', 1, 5, '{1,2,3}', 'f3', 10),
        ('四季发财', 1, 5, '{1,2,3}', 'f4', 10),

        ('复式', 2, 1, '{1,2,3}', 'batch', 10000),
        ('单式', 2, 1, '{1,2,3}', 'simple', 10000),
        ('组选24', 2, 2, '{1,2,3}', 'g24', 210),
        ('组选12', 2, 2, '{1,2,3}', 'g12', 360),
        ('组选6', 2, 2, '{1,2,3}', 'g6', 45),
        ('组选4', 2, 2, '{1,2,3}', 'g4', 90),
        ('一码', 2, 3, '{1,2,3}', 'm1', 10),
        ('二码', 2, 3, '{1,2,3}', 'm2', 45),

        ('复式', 3, 1, '{1,2,3}', 'batch', 10000),
        ('单式', 3, 1, '{1,2,3}', 'simple', 10000),
        ('组选24', 3, 2, '{1,2,3}', 'g24', 210),
        ('组选12', 3, 2, '{1,2,3}', 'g12', 360),
        ('组选6', 3, 2, '{1,2,3}', 'g6', 45),
        ('组选4', 3, 2, '{1,2,3}', 'g4', 90),
        ('一码', 3, 3, '{1,2,3}', 'm1', 10),
        ('二码', 3, 3, '{1,2,3}', 'm2', 45),

        ('复式', 4, 1, '{1,2,3}', 'batch', 1000),
        ('单式', 4, 1, '{1,2,3}', 'simple', 1000),
        ('和值', 4, 1, '{1,2,3}', 'sum', 1000),
        ('跨度', 4, 1, '{1,2,3}', 'diff', 1000),
        ('复式', 4, 2, '{1,2,3}', 'batch', 0),
        ('混合', 4, 2, '{1,2,3}', 'mix', 120),
        ('包胆', 4, 2, '{1,2,3}', 'with', 54),
        ('组三', 4, 2, '{1,2,3}', 'g3', 90),
        ('组六', 4, 2, '{1,2,3}', 'g6', 120),
        ('一码', 4, 3, '{1,2,3}', 'm1', 10),
        ('二码', 4, 3, '{1,2,3}', 'm2', 45),

        ('复式', 5, 1, '{1,2,3}', 'batch', 1000),
        ('单式', 5, 1, '{1,2,3}', 'simple', 1000),
        ('和值', 5, 1, '{1,2,3}', 'sum', 1000),
        ('跨度', 5, 1, '{1,2,3}', 'diff', 1000),
        ('复式', 5, 2, '{1,2,3}', 'batch', 0),
        ('混合', 5, 2, '{1,2,3}', 'mix', 120),
        ('包胆', 5, 2, '{1,2,3}', 'with', 54),
        ('组三', 5, 2, '{1,2,3}', 'g3', 90),
        ('组六', 5, 2, '{1,2,3}', 'g6', 120),
        ('一码', 5, 3, '{1,2,3}', 'm1', 10),
        ('二码', 5, 3, '{1,2,3}', 'm2', 45),

        ('复式', 6, 1, '{1,2,3}', 'batch', 1000),
        ('单式', 6, 1, '{1,2,3}', 'simple', 1000),
        ('和值', 6, 1, '{1,2,3}', 'sum', 1000),
        ('跨度', 6, 1, '{1,2,3}', 'diff', 1000),
        ('复式', 6, 2, '{1,2,3}', 'batch', 0),
        ('混合', 6, 2, '{1,2,3}', 'mix', 120),
        ('包胆', 6, 2, '{1,2,3}', 'with', 54),
        ('组三', 6, 2, '{1,2,3}', 'g3', 90),
        ('组六', 6, 2, '{1,2,3}', 'g6', 120),
        ('一码', 6, 3, '{1,2,3}', 'm1', 10),
        ('二码', 6, 3, '{1,2,3}', 'm2', 45),

        ('复式', 7, 1, '{1,2,3}', 'batch', 100),
        ('单式', 7, 1, '{1,2,3}', 'simple', 100),
        ('和值', 7, 1, '{1,2,3}', 'sum', 100),
        ('跨度', 7, 1, '{1,2,3}', 'diff', 100),
        ('复式', 7, 2, '{1,2,3}', 'batch', 45),
        ('单式', 7, 2, '{1,2,3}', 'simple', 45),
        ('和值', 7, 2, '{1,2,3}', 'sum', 45),
        ('包胆', 7, 2, '{1,2,3}', 'with', 9),

        ('复式', 8, 1, '{1,2,3}', 'batch', 100),
        ('单式', 8, 1, '{1,2,3}', 'simple', 100),
        ('和值', 8, 1, '{1,2,3}', 'sum', 100),
        ('跨度', 8, 1, '{1,2,3}', 'diff', 100),
        ('复式', 8, 2, '{1,2,3}', 'batch', 45),
        ('单式', 8, 2, '{1,2,3}', 'simple', 45),
        ('和值', 8, 2, '{1,2,3}', 'sum', 45),
        ('包胆', 8, 2, '{1,2,3}', 'with', 9),

        ('复式', 9, 4, '{1,2,3}', 'batch', 10);